{
  "snapshot_1754385243_aa27b9ec": {
    "snapshot_id": "snapshot_1754385243_aa27b9ec",
    "timestamp": 1754385243.52626,
    "size_bytes": 8105,
    "chains_included": [
      "A",
      "B",
      "D"
    ],
    "block_count": {
      "A": 1,
      "B": 0,
      "D": 3
    },
    "integrity_hash": "ba319ce4fe56aa1f52a466614f288a11",
    "compression_ratio": 2.919802590993214,
    "creation_time_seconds": 0.021884918212890625,
    "description": "Automatic snapshot 2025-08-05 18:14:03",
    "tags": [
      "automatic"
    ],
    "verified": false
  }
}